Title,Authors,Year,DOI,Excluded,
"Mo, Junyi; Ohmori, Shunichi",Crowd sourcing dynamic pickup & delivery problem considering task buffering and drivers’ rejection-application of multi-agent reinforcement learning-,2021,10.37394/23207.2021.18.63,x,
"DEMİRBİLEK, Mustafa",Dinamik araç rotalama problemleriyle ilgili çalışmaların bibliyometrik analizi,2023,10.51513/jitsa.1230420,x,
"Nalluri, Padmaja; Rao, R. Srinivasa",Impact of Product Line on Shopping Motivations of Consumers in E-commerce—A Correspondence Analysis,2023,10.1177/09721509231170469,x,
"Xie, Jiaohong; Liu, Yang; Chen, Nan",Two-Sided Deep Reinforcement Learning for Dynamic Mobility-on-Demand Management with Mixed Autonomy,2023,10.1287/trsc.2022.1188,x,
"Behrendt, Adam; Savelsbergh, Martin; Wang, He",A Prescriptive Machine Learning Method for Courier Scheduling on Crowdsourced Delivery Platforms,2023,10.1287/trsc.2022.1152,x,
"Carlsson, John Gunnar; Liu, Sheng; Salari, Nooshin; Yu, Han",Provably Good Region Partitioning for On-Time Last-Mile Delivery,2024,10.1287/opre.2021.0588,x,
"Liu, Sheng; Luo, Zhixing",On-Demand Delivery from Stores: Dynamic Dispatching and Routing with Random Demand,2023,10.1287/msom.2022.1171,x,
"Zhao, Yanlu; Papier, Felix; Teo, Chung-Piaw",Market Thickness in Online Food Delivery Platforms: The Impact of Food Processing Times,2024,10.1287/msom.2021.0354,x,
"Ngu, Elvin; Parada, Leandro; Escribano Macias, Jose Javier; Angeloudis, Panagiotis",Decentralised Multi-Agent Reinforcement Learning Approach for the Same-Day Delivery Problem,2022,10.1177/03611981221093324,x,
"Chen, Yao; Liu, Yang",Integrated Optimization of Planning and Operations for Shared Autonomous Electric Vehicle Systems,2023,10.1287/trsc.2022.1156,x,
"Gautam, Natarajan; Geunes, Joseph",Analysis of Real-Time Order Fulfillment Policies: When to Dispatch a Batch?,2023,10.1287/serv.2022.0042,x,
"van der Gaast, Jelmer Pier; Arslan, Alp Muzaffer",Personal Shopper Systems in Last-Mile Logistics,2023,10.1287/serv.2022.0310,x,
"Abkarian, Hoseb; Mahmassani, Hani S.; Hyland, Michael",Modeling the Mixed-Service Fleet Problem of Shared-Use Autonomous Mobility Systems for On-Demand Ridesourcing and Carsharing With Reservations,2022,10.1177/03611981221083617,x,
"Chen, Mingliu; Hu, Ming",Courier Dispatch in On-Demand Delivery,2023,10.1287/mnsc.2023.4858,x,
"Banerjee, Dipayan; Erera, Alan L.; Toriello, Alejandro",Fleet Sizing and Service Region Partitioning for Same-Day Delivery Systems,2022,10.1287/trsc.2022.1125,x,
"Auad, Ramon; Erera, Alan; Savelsbergh, Martin",Dynamic Courier Capacity Acquisition in Rapid Delivery Systems: A Deep Q-Learning Approach,2024,10.1287/trsc.2022.0042,x,
"Hsieh, Hsun-Ping; Lin, Fandel; Chen, Nai-Yu; Yang, Tzu-Hsin",A Decision Framework to Recommend Cruising Locations for Taxi Drivers under the Constraint of Booking Information,2022,10.1145/3490687,,
"Lu, Rongqin; Zhao, Xiaomei; Wang, Yingqi",A Tailored Pricing Strategy for Different Types of Users in Hybrid Carsharing Systems,2022,10.3390/a15050172,x,
"Saha, Saibal Kumar; Pradhan, Smriti; Jha, Ajeya",Customer Perspective on a Curated Gift-Box Service,2023,10.4018/978-1-6684-8613-9.ch018,x,
"Tadić, Snežana; Krstić, Mladen; Radovanović, Ljubica",Assessing Strategies to Overcome Barriers for Drone Usage in Last-Mile Logistics: A Novel Hybrid Fuzzy MCDM Model,2024,10.3390/math12030367,x,
"Anuar, Wadi Khalid; Lee, Lai Soon; Seow, Hsin-Vonn; Pickl, Stefan",A Multi-Depot Dynamic Vehicle Routing Problem with Stochastic Road Capacity: An MDP Model and Dynamic Policy for Post-Decision State Rollout Algorithm in Reinforcement Learning,2022,10.3390/math10152699,x,
"Zang, Xinming; Zhu, Yuanyuan; Zhong, Yongguang; Chu, Tao",CiteSpace-Based Bibliometric Review of Pickup and Delivery Problem from 1995 to 2021,2022,10.3390/app12094607,x,
"Tao, Yi; Lin, Changhui; Wei, Lijun",Metaheuristics for a Large-Scale Vehicle Routing Problem of Same-Day Delivery in E-Commerce Logistics System,2022,10.1155/2022/8253175,x,
"Radhoui, Hamdi; Taghipour, Atour; Canel-Depitre, Béatrice",The Distribution and Pickup of Goods: A Literature Review and Survey,2019,10.4018/978-1-5225-7299-2.ch002,x,
"Galati, Rocco; Mantriota, Giacomo",Path Following for an Omnidirectional Robot Using a Non-Linear Model Predictive Controller for Intelligent Warehouses,2023,10.3390/robotics12030078,x,
"Li, Jiacheng; Noto, Masato; Zhang, Yang",Research on Delivery Network Optimization Based on Crowdsourcing Theory,2022,10.20965/jaciii.2022.p0147,x,
"Mardešić, Nikola; Erdelić, Tomislav; Carić, Tonči; Đurasević, Marko",Review of Stochastic Dynamic Vehicle Routing in the Evolving Urban Logistics Environment,2023,10.3390/math12010028,,
"Ma, Li; Xin, Minghan; Wang, Yi-Jia; Zhang, Yanjiao",Dynamic Scheduling Strategy for Shared Agricultural Machinery for On-Demand Farming Services,2022,10.3390/math10213933,x,
"Nucci, Francesco",Multi-Shift Single-Vehicle Routing Problem Under Fuzzy Uncertainty,2022,10.2174/2666294901666220510095557,x,
"Zhang, Cong; Wu, Yaoxin; Ma, Yining; Song, Wen; Le, Zhang; Cao, Zhiguang; Zhang, Jie",A review on learning to solve combinatorial optimisation problems in manufacturing,2023,10.1049/cim2.12072,x,
"Schubert, Daniel; Kuhn, Heinrich; Holzapfel, Andreas",Same‐day deliveries in omnichannel retail: Integrated order picking and vehicle routing with vehicle‐site dependencies,2020,10.1002/nav.21954,x,
"Pouls, Martin; Ahuja, Nitin; Glock, Katharina; Meyer, Anne",Adaptive forecast-driven repositioning for dynamic ride-sharing,2022,10.1007/s10479-022-04560-3,,
"Archetti, Claudia; Bertazzi, Luca",Recent challenges in Routing and Inventory Routing: E-commerce and last-mile delivery,2020,10.1002/net.21995,x,
"Su, Yansen; Liu, Jia; Xiang, Xiaoshu; Zhang, Xingyi",A responsive ant colony optimization for large-scale dynamic vehicle routing problems via pheromone diversity enhancement,2021,10.1007/s40747-021-00433-7,x,
"van Heeswijk, W. J. A.",Strategic bidding in freight transport using deep reinforcement learning,2022,10.1007/s10479-022-04572-z,x,
"Mohring, Uta; Jacobi, Christoph; Furmans, Kai; Stolletz, Raik",Managing cutoff-based shipment promises for order fulfilment processes in warehousing,2024,10.1007/s00291-023-00739-7,x,
"Soeffker, Ninja; Ulmer, Marlin W.; Mattfeld, Dirk C.",Balancing resources for dynamic vehicle routing with stochastic customer requests,2024,10.1007/s00291-024-00747-1,x,
"Liu, Haitao; Wang, Yuan; Lee, Loo Hay; Chew, Ek Peng",An approximate dynamic programming approach for production‐delivery scheduling under non‐stationary demand,2021,10.1002/nav.22037,x,
"Wang, Lina; Rabinovich, Elliot; Guda, Harish",An analysis of operating efficiency and policy implications in <scp>last‐mile</scp> transportation following Amazon's integration,2022,10.1002/joom.1172,x,
"Moshref-Javadi, Mohammad; Van Cauwenberghe, Kristof P.; McCunney, Brent A.; Hemmati, Ahmad",Enabling same-day delivery using a drone resupply model with transshipment points,2023,10.1007/s10287-023-00453-3,x,
"Xue, Shouqiang; Song, Rui; He, Shiwei; Li, Guangye; Chi, Jushang",Passenger‐perception dynamic ridesharing service based on parallel technology,2023,10.1049/itr2.12376,x,
"Chen, Jing-fang; Wang, Ling; Wang, Shengyao; Wang, Xing; Ren, Hao",An effective matching algorithm with adaptive tie-breaking strategy for online food delivery problem,2021,10.1007/s40747-021-00340-x,x,
"Katarya, Rahul",Towards the significance of taxi recommender systems in smart cities,2022,10.1002/cpe.7475,x,
"Qiu, Hanguang; Cao, Cejun; Zhen, Jie; Fu, Hongyong; Zhou, Jixiang",A Multicircle Order Acceptance Strategy for Dynamic Vehicle Routing Problems Considering Customer Choice of Last-Mile Delivery Modes and Time Slots,2021,10.4018/ijisscm.2021100101,x,
"Aleksandrov, Martin",Heuristics and Policies for Online Pickup and Delivery Problems,2012,NA,x,
"Núñez, Alfredo; De Schutter, Bart; Saez, Doris; Cortés, Cristián E.",ITSC - Hierarchical multiobjective model predictive control applied to a dynamic pickup and delivery problem,2010,10.1109/itsc.2010.5625193,x,
"Gu, Yewen; Wallace, Stein W.",Operational benefits of autonomous vessels in logistics—A case of autonomous water-taxis in Bergen,2021,10.1016/j.tre.2021.102456,x,
"Chen, Xinwei; Ulmer, Marlin W.; Thomas, Barrett W.",Deep Q-learning for same-day delivery with vehicles and drones,2022,10.1016/j.ejor.2021.06.021,x,
"Györgyi, Péter; Kis, Tamás",A probabilistic approach to pickup and delivery problems with time window uncertainty,2019,10.1016/j.ejor.2018.10.031,x,
"Rasini, Monica; Agatz, Niels; Tappia, Elena",Anticipatory Shipment for Pickup Point Supply,2020,10.1016/j.omega.2019.07.005,x,
"Ulmer, Marlin W.; Goodson, Justin C.; Mattfeld, Dirk C.; Thomas, Barrett W.",On modeling stochastic dynamic vehicle routing problems,2020,10.1016/j.ejtl.2020.100008,x,
"Ritzinger, Ulrike; Puchinger, Jakob; Rudloff, Christian; Hartl, Richard F.",Comparison of anticipatory algorithms for a dial-a-ride problem,2022,10.1016/j.ejor.2021.10.060,,
"Soeffker, Ninja; Ulmer, Marlin W.; Mattfeld, Dirk C.",Stochastic dynamic vehicle routing in the light of prescriptive analytics: A review,2022,10.1016/j.ejor.2021.07.014,x,
"Li, Yafei; Sun, Huijun; Lv, Ying",Collaborative matching of ridesplitting and connection in the ridesourcing market,2021,10.1016/j.fmre.2021.07.004,x,
"Mogale, D.G.; Kumar, Sri Krishna; Tiwari, Manoj Kumar",An MINLP model to support the movement and storage decisions of the Indian food grain supply chain,2018,10.1016/j.conengprac.2017.09.017,x,
"Ai, Ning; Zheng, Junjun; Chen, Xiaochen; Kawamura, Kazuya",Neighborhood-Specific Traffic Impact Analysis of Restaurant Meal Delivery Trips: Planning Implications and Case Studies in Chicago,2021,10.1061/(asce)up.1943-5444.0000682,x,
"Vallée, Sven; Oulamara, Ammar; Cherif-Khettaf, W. Ramdane",New online reinsertion approaches for a dynamic Dial-a-Ride Problem,2020,10.1016/j.jocs.2020.101199,x,
"Köster, Felix; Ulmer, Marlin W.; Mattfeld, Dirk C.; Hasle, Geir",Anticipating emission-sensitive traffic management strategies for dynamic delivery routing,2018,10.1016/j.trd.2018.03.002,x,
"Garrow, Laurie A.; German, Brian; Leonard, Caroline E.",Urban air mobility: A comprehensive review and comparative analysis with autonomous and electric ground transportation for informing future research,2021,10.1016/j.trc.2021.103377,x,
"Rajendran, Suchithra; Harper, Aidan","Simulation-based algorithm for determining best package delivery alternatives under three criteria: Time, cost and sustainability",2021,10.1016/j.trip.2021.100484,x,
"Djavadian, Shadi; Chow, Joseph Y.J.",Agent-based day-to-day adjustment process to evaluate dynamic flexible transport service policies,2016,NA,x,
"Giles, R. C.",A simulation study of cane transport system improvements in the Sezela Mill area.,2009,NA,x,
"Liu, Zeyu; Li, Xueping; Khojandi, Anahita",The flying sidekick traveling salesman problem with stochastic travel time: A reinforcement learning approach,2022,10.1016/j.tre.2022.102816,x,
"Cheng, Xian; Liao, Shaoyi; Hua, Zhongsheng",A policy of picking up parcels for express courier service in dynamic environments,2016,10.1080/00207543.2016.1231431,x,
"Hu, Runqiu; Zhang, Zhizheng; Ma, Xinwei; Jin, Yuchuan",Dynamic Rebalancing Optimization for Bike-Sharing System Using Priority-Based MOEA/D Algorithm,2021,10.1109/access.2021.3058013,,
"Jun, Sungbum; Choi, Chul Hun; Lee, Seokcheon",Scheduling of autonomous mobile robots with conflict-free routes utilising contextual-bandit-based local search,2022,10.1080/00207543.2022.2063085,x,
"Ma, Jun; Zhang, Jihui; Guo, Yiyun",The Stochastic and Dynamic Vehicle Routing Problem: A Literature Review,2021,10.1007/978-981-16-6372-7_39,x,
"Zardini, Gioele; Lanzetti, Nicolas; Pavone, Marco; Frazzoli, Emilio",Analysis and Control of Autonomous Mobility-on-Demand Systems.,2021,NA,x,
"Zardini, Gioele; Lanzetti, Nicolas; Pavone, Marco; Frazzoli, Emilio",Analysis and Control of Autonomous Mobility-on-Demand Systems,2022,10.1146/annurev-control-042920-012811,x,
"Zhang, Siyuan; Qin, Lu; Zheng, Yu; Cheng, Hong",SIGSPATIAL/GIS - Effective and efficient: large-scale dynamic city express,2015,10.1145/2820783.2820838,x,
"Neghabadi, Parisa Dolati; Samuel, Karine Evrard; Espinouse, Marie-Laure","Systematic literature review on city logistics: overview, classification and analysis",2018,10.1080/00207543.2018.1489153,x,
"Huang, Xianchao; Tian, Min; Tan, Wenrui; Sun, Yimeng; Pan, Xuyang; Tang, Henglin; Ding, Zhaohao",Joint Charging Infrastructure and Autonomous Fleet Planning Considering Distributed Renewable Resources,2022,10.1109/tia.2022.3202878,x,
"Zhao, Anjun; Zhou, Meng; Yu, Junqi; Zhang, Junlin; Yang, Xiong",ICSCIB - Control and Optimization of Indoor Environmental Quality Based on Model Prediction in Building,2019,10.1007/978-981-13-6733-5_5,x,
"Ionescu, Clara M.; Diaz, Ricardo Alfredo Cajo; Zhao, Shiquan; Ghita, Mihaela; Ghita, Maria; Copot, Dana","A Low Computational Cost, Prioritized, Multi-Objective Optimization Procedure for Predictive Control Towards Cyber Physical Systems",2020,10.1109/access.2020.3007924,x,
"Rolf, Benjamin; Jackson, Ilya; Müller, Marcel; Lang, Sebastian; Reggelin, Tobias; Ivanov, Dmitry",A review on reinforcement learning algorithms and applications in supply chain management,2022,10.1080/00207543.2022.2140221,x,
"Wang, Wenjie; Xia, Xue; Xie, Lei; Jiang, Li; Song, Yangyun",APMS (3) - Research on the O2O Takeout Orders Merger and Routing Optimization.,2021,10.1007/978-3-030-85906-0_33,x,
"Zhang, Li; Chen, Tingting; Yu, Bin; Wang, Chenyu",Suburban Demand Responsive Transit Service With Rental Vehicles,2021,10.1109/tits.2020.3027676,x,
"Luttermann, Sandra; Kotzab, Herbert",Aktuelle Bestandsaufnahme einer kundenindividuellen und nachhaltigen Lebensmittellogistik anhand einer Webscan-basierten Analyse,2021,10.1007/978-3-658-33480-2_24,x,
"Zhang, Siyuan; Qin, Lu; Zheng, Yu; Cheng, Hong",Effective and Efficient: Large-Scale Dynamic City Express,2016,10.1109/tkde.2016.2604806,x,
"Jiang, Min; Wang, Zhenzhong; Guo, Shihui; Gao, Xing; Tan, Kay Chen",Individual-Based Transfer Learning for Dynamic Multiobjective Optimization,2021,10.1109/tcyb.2020.3017049,x,
"Wang, Zhengzhong; Jiang, Min; Gao, Xing; Feng, Liang; Hu, Weizhen; Tan, Kay Chen",Evolutionary Dynamic Multi-objective Optimization Via Regression Transfer Learning,2019,NA,x,
"Rambabu, Rethnaraj; Vadakkepat, Prahlad; Tan, Kay Chen; Jiang, Min",A Mixture-of-Experts Prediction Framework for Evolutionary Dynamic Multiobjective Optimization,2020,10.1109/tcyb.2019.2909806,x,
"Zhang, Jian; Luo, Kelin; Florio, Alexandre M.; Van Woensel, Tom",Solving large-scale dynamic vehicle routing problems with stochastic requests,2023,10.1016/j.ejor.2022.07.015,x,
"Neri, Ferrante; Zhou, Yuyang",CEC - Covariance Pattern Search with Eigenvalue-determined Radii,2021,10.1109/cec45853.2021.9505002,x,
"Tian, Min; Wei, Yue; Huang, Xianchao; Ding, Zhaohao",Integrated Charging Station and Mixed Fleet Planning for Electric Taxi and Electric Bus,2022,10.1109/icpsasia55496.2022.9949794,x,
"Klein, Vienna; Steinhardt, Claudius",Dynamic demand management and online tour planning for same-day delivery,2023,10.1016/j.ejor.2022.09.011,,
"Rey, Gabriel Zambrano; Bonte, Thérèse; Prabhu, Vittaldas V.; Trentesaux, Damien",Reducing myopic behavior in FMS control : a semi-heterarchical simulation-optimization approach,2014,10.1016/j.simpat.2014.01.005,x,
"Köhler, Charlotte; Campbell, Ann Melissa; Ehmke, Jan Fabian",Data-driven customer acceptance for attended home delivery.,2023,10.1007/s00291-023-00712-4,,
"Núñez, Alfredo; Ocampo-Martinez, Carlos; De Schutter, B.; Valencia, Felipe; López, José David; Espinosa, Jairo",ICONS - A multiobjective-based switching topology for hierarchical model predictive control applied to a hydro-power valley,2013,10.3182/20130902-3-cn-3020.00042,x,
"Vinsensius, Albert; Wang, Yuan; Chew, Ek Peng; Lee, Loo Hay",Dynamic Incentive Mechanism for Delivery Slot Management in E-Commerce Attended Home Delivery,2020,10.1287/trsc.2019.0953,x,
"Fleckenstein, David; Klein, Robert; Steinhardt, Claudius",Recent advances in integrating demand management and vehicle routing: A methodological review,2023,10.1016/j.ejor.2022.04.032,x,
"Srour, F. Jordan; Agatz, Niels; Oppen, Johan",Strategies for Handling Temporal Uncertainty in Pickup and Delivery Problems with Time Windows,2018,10.1287/trsc.2015.0658,x,
"Bran, Emanuela; Bautu, Elena; Sburlan, Dragoş; Puchianu, Crenguta Madalina; Popovici, Dorin M.",Ubiquitous Computing: Driving in the Intelligent Environment,2021,10.3390/math9212649,x,
"Ferrucci, Francesco",Review of the Literature Related to the Considered RDOPG Applications,2013,10.1007/978-3-642-33472-6_4,x,
"Moraga-Correa, Javier; Quezada, Franco; Rojo-González, Luis; Vásquez, Óscar C.",The balanced dispatching problem in passengers transport services on demand,2021,10.1016/j.eswa.2021.114918,x,
"Côté, Jean-François; de Queiroz, Thiago Alves; Gallesi, Francesco; Iori, Manuel",Optimization Methods for the Same-Day Delivery Problem,2019,10.1007/978-3-030-34960-8_30,x,
"Boysen, Nils; Fedtke, Stefan; Schwerdfeger, Stefan",Last-mile delivery concepts: a survey from an operational research perspective,2020,10.1007/s00291-020-00607-8,x,
"Saez, Doris; Cortés, Cristián E.; Milla, Freddy; Núñez, Alfredo; Tirachini, Alejandro; Riquelme, Marcela",Hybrid predictive control strategy for a public transport system with uncertain demand,2012,10.1080/18128601003615535,x,
"Ferrucci, Francesco",Introduction to Tour Planning: Vehicle Routing and Related Problems,2013,10.1007/978-3-642-33472-6_2,x,
"van Lochem, Jelmer; Kronmueller, Maximilian; van 't Hof, Pim; Alonso-Mora, Javier",ITSC - Anticipatory Vehicle Routing for Same-Day Pick-up and Delivery using Historical Data Clustering,2020,10.1109/itsc45102.2020.9294424,,
"Munoz-Carpintero, Diego; Núñez, Alfredo; Saez, Doris; Cortés, Cristián E.",IEEE Congress on Evolutionary Computation - Evolutionary algorithms and fuzzy clustering for control of a dynamic vehicle routing problem oriented to user policy,2010,10.1109/cec.2010.5586534,x,
"Chen, Xinwei; Ulmer, Marlin W.; Thomas, Barrett W.",Deep Q-Learning for Same-Day Delivery with Vehicles and Drones,2019,NA,x,
"Song, Yongjia; Ulmer, Marlin W.; Thomas, Barrett W.; Wallace, Stein W.",Building Trust in Home Services—Stochastic Team-Orienteering with Consistency Constraints,2020,10.1287/trsc.2019.0927,x,
"Ulmer, Marlin W.; Thomas, Barrett W.; Mattfeld, Dirk C.",Preemptive depot returns for dynamic same-day delivery,2019,10.1007/s13676-018-0124-0,x,
"Acquaviva, Francesco; Vicencio, Alfredo Nunez; Di Paola, Donato; Rizzo, Alessandro; De Schutter, Bart",ITSC - Customer-Oriented Optimal Vehicle Assignment in Mobility-on-Demand Systems,2015,10.1109/itsc.2015.458,x,
"Abdollahi, Mohammad; Yang, Xinan; Nasri, Moncef Ilies; Fairbank, Michael",Demand management in time-slotted last-mile delivery via dynamic routing with forecast orders,2023,10.1016/j.ejor.2023.01.023,,
"Soman, Jaikishan T.; Patil, Rahul J.",Two-dimensional loading in vehicle routing problem with release and due dates,2023,10.1016/j.eswa.2023.120862,x,
"Nucci, Francesco",The multi-shift single-vehicle routing problem under fuzzy uncertainty,2017,10.1109/soli.2017.8120987,x,
"Munoz-Carpintero, Diego; Saez, Doris; Škrjanc, Igor",IEEE Congress on Evolutionary Computation - Hybrid predictive control design with mixed inputs based on PSO and its application for control of a Batch Reactor,2010,10.1109/cec.2010.5586325,x,
"Mor, A.; Speranza, M. G.",Vehicle routing problems over time: a survey,2022,10.1007/s10479-021-04488-0,x,
"He, Zhaolei; Zhang, Miaohan; Chen, Qiyong; Chen, Shiyun; Pan, Nan",Optimization of heterogeneous vehicle logistics scheduling with multi-objectives and multi-centers.,2023,10.1038/s41598-023-41450-5,x,
"Arslan, Alp; Agatz, Niels; Klapp, Mathias A.",Operational strategies for on-demand personal shopper services,2021,10.1016/j.trc.2021.103320,x,
"Pei, Mingyang; Lin, Peiqun; Du, Jun; Li, Xiaopeng",Operational Design for a Real-Time Flexible Transit System Considering Passenger Demand and Willingness to Pay,2019,10.1109/access.2019.2949246,x,
"Su, Yansen; Liu, Jia; Xiang, Xiaoshu; Zhang, Xingyi",A responsive ant colony optimization for large-scale dynamic vehicle routing problems via pheromone diversity enhancement,2021,NA,x,
"Lyu, Wenjun; Wang, Haotian; Hong, Zhiqing; Wang, Guang; Yang, Yu; Liu, Yunhuai; Zhang, Desheng",REDE: Exploring Relay Transportation for Efficient Last-mile Delivery,2023,10.1109/icde55515.2023.00230,x,
"Wang, Hai; Wang, Shuai; Yang, Yu; Zhang, Desheng",GCRL: Efficient Delivery Area Assignment for Last-mile Logistics with Group-based Cooperative Reinforcement Learning,2023,10.1109/icde55515.2023.00269,x,
"Weingarten, Jennifer; Spinler, Stefan",Shortening Delivery Times by Predicting Customers’ Online Purchases: A Case Study in the Fashion Industry,2020,10.1080/10580530.2020.1814459,x,
"Schrotenboer, Albert H.; Broek, Michiel A. J. uit het; Buijs, Paul; Ulmer, Marlin W.",Fighting the E-commerce Giants: Efficient Routing and Effective Consolidation for Local Delivery Platforms,2021,NA,x,
"Flaßkamp, Kathrin; Ober-Blöbaum, Sina; Peitz, Sebastian",Symmetry in Optimal Control: A Multiobjective Model Predictive Control Approach,2020,10.1007/978-3-030-51264-4_9,x,
"Ober-Blöbaum, Sina; Peitz, Sebastian",Explicit multiobjective model predictive control for nonlinear systems with symmetries,2020,10.1002/rnc.5281,x,
"Abbatecola, Lorenzo; Fanti, Maria Pia; Ukovich, Walter",CASE - A review of new approaches for Dynamic Vehicle Routing Problem,2016,10.1109/coase.2016.7743429,x,
"Peitz, Sebastian; Dellnitz, Michael","A Survey of Recent Trends in Multiobjective Optimal Control—Surrogate Models, Feedback Control and Objective Reduction",2018,10.3390/mca23020030,x,
"Shi, Dingyuan; Zhou, Nan; Tong, Yongxin; Zhou, Zimu; Xu, Yi; Xu, Ke",Collision-Aware Route Planning in Warehouses Made Efficient: A Strip-based Framework,2023,10.1109/icde55515.2023.00072,x,
"Frasheri, Mirgita; Miloradovic, Branko; Çürüklü, Baran; Ekström, Mikael; Papadopoulos, Alessandro V.",GLocal : A Hybrid Approach to the Multi-Agent Mission Re-Planning Problem,2020,NA,x,
"Saez, Doris; Berenguel, Manuel",Applications of Hybrid Predictive Control,2007,10.1002/acs.1017,x,
"Núñez, Alfredo; Saez, Doris; Oblak, Simon; Škrjanc, Igor",Fuzzy-model-based hybrid predictive control.,2008,10.1016/j.isatra.2008.10.007,x,
"Núñez, Alfredo; Saez, Doris; Cortés, Cristián E.",Hybrid Predictive Control for the Vehicle Dynamic Routing Problem based on Evolutionary Multiobjective Optimization (EMO),2008,10.3182/20080706-5-kr-1001.02212,x,
"Saez, Doris; Cortés, Cristián E.; Núñez, Alfredo",Hybrid adaptive predictive control for the multi-vehicle dynamic pick-up and delivery problem based on genetic algorithms and fuzzy clustering,2008,10.1016/j.cor.2007.01.025,x,
"Tica, Adrian; Guéguen, Hervé; Dumur, Didier; Faille, Damien; Davelaar, Frans",SEVENTH FRAMEWORK PROGRAMME THEME - ICT (Information and Communication Technologies),2009,NA,x,
"Zhang, Guangming; Smilowitz, Karen; Erera, Alan L.",Dynamic planning for urban drayage operations,2011,10.1016/j.tre.2011.02.003,x,
"Wang, Xuping; Ruan, Junhu; Shi, Yan",A recovery model for combinational disruptions in logistics delivery: Considering the real-world participators,2012,10.1016/j.ijpe.2012.07.001,x,
"Asteris, Michael; Collins, Alan; Jones, Dylan",Container port infrastructure in north-west Europe: Policy-level modeling,2012,10.1016/j.jpolmod.2012.01.004,x,
"Portilla, Christian; Valencia, Felipe; López, José David; Espinosa, Jairo; Núñez, Alfredo; De Schutter, Bart",Non-Linear Model Predictive Control Based on Game Theory for Traffic Control on Highways,2012,10.3182/20120823-5-nl-3013.00046,x,
"Hyytiä, Esa; Penttinen, Aleksi; Sulonen, Reijo",Non-myopic vehicle and route selection in dynamic DARP with travel time and workload objectives,2012,10.1016/j.cor.2012.03.002,x,
"Ripon, Kazi Shah Nawaz; Torresen, Jim",Integrated job shop scheduling and layout planning: a hybrid evolutionary method for optimizing multiple objectives,2013,10.1007/s12530-013-9092-7,x,
"Ferrucci, Francesco; Bock, Stefan",Real-time control of express pickup and delivery processes in a dynamic environment,2014,10.1016/j.trb.2014.02.001,x,
"Núñez, Alfredo; Cortés, Cristián E.; Saez, Doris; De Schutter, Bart; Gendreau, Michel",Multiobjective model predictive control for dynamic pickup and delivery problems,2014,10.1016/j.conengprac.2014.07.004,x,
"Chou, Yon-Chun; Chen, Yao-Hung; Chen, Hui-Min",Pickup and delivery routing with hub transshipment across flexible time periods for improving dual objectives on workload and waiting time,2014,10.1016/j.tre.2013.11.005,x,
"Ghannadpour, Seyed Farid; Noori, Simak; Tavakkoli-Moghaddam, Reza; Ghoseiri, Keivan","A multi-objective dynamic vehicle routing problem with fuzzy time windows: Model, solution and application",2014,10.1016/j.asoc.2013.08.015,x,
"Maalouf, Maher; MacKenzie, Cameron A.; Radakrishnan, Sridhar; Court, Mary C.",A New Fuzzy Logic Approach to Capacitated Dynamic Dial-a-Ride Problem,2014,10.1016/j.fss.2014.03.010,x,
"Chow, Joseph Y.J.; Sayarshad, Hamid R.",Reference Policies for Non-myopic Sequential Network Design and Timing Problems,2015,10.1007/s11067-015-9315-5,x,
"Bououden, Sofiane; Chadli, Mohammed; Karimi, Hamid Reza",An ant colony optimization-based fuzzy predictive control approach for nonlinear processes,2015,10.1016/j.ins.2014.11.050,x,
"Sayarshad, Hamid R.; Chow, Joseph Y.J.",A scalable non-myopic dynamic dial-a-ride and pricing problem,2015,10.1016/j.trb.2015.06.008,x,
"Djavadian, Shadi; Chow, Joseph Y. J.",Agent-based day-to-day adjustment process to evaluate dynamic flexible transport service policies,2016,10.1080/21680566.2016.1190674,x,
"Koch, Sebastian; Klein, Robert",Route-based approximate dynamic programming for dynamic pricing in attended home delivery,2017,10.2139/ssrn.3061350,x,
"Liao, Tsai-Yun; Hu, Ta-Yin; Wu, Yu-Wen",A Time-dependent Vehicle Routing Algorithms for Medical Supplies Distribution Under Emergency,2017,10.31387/oscm0280188,x,
"Dulai, Tibor; Werner-Stark, Ágnes; Hangos, Katalin M.",Algorithm for directing cooperative vehicles of a vehicle routing problem for improving fault-tolerance,2017,10.1007/s11081-017-9353-6,x,
"Sayarshad, Hamid R.; Gao, H. Oliver",A scalable non-myopic dynamic dial-a-ride and pricing problem for competitive on-demand mobility systems,2018,10.1016/j.trc.2018.04.007,x,
"Archetti, Claudia; Feillet, Dominique; Mor, Andrea; Speranza, M. Grazia",An iterated local search for the Traveling Salesman Problem with release dates and completion time minimization,2018,10.1016/j.cor.2018.05.001,x,
"Shirakawa, Masakazu; Yun, Yeboon; Arakawa, Masao",Intelligent multi-objective model predictive control applied to steam turbine start-up,2018,10.1299/jamdsm.2018jamdsm0007,x,
"Klapp, Mathias A.; Erera, Alan L.; Toriello, Alejandro",The Dynamic Dispatch Waves Problem for same-day delivery,2018,10.1016/j.ejor.2018.05.032,x,
"Sayarshad, Hamid R.; Gao, H. Oliver",A non-myopic dynamic inventory routing and pricing problem,2018,10.1016/j.tre.2017.11.005,x,
"Gharehgozli, Amir; Zaerpour, Nima",Stacking outbound barge containers in an automated deep-sea terminal,2018,10.1016/j.ejor.2017.12.040,x,
"Ho, Sin C.; Szeto, Wai Yuen; Kuo, Yong-Hong; Leung, Janny M. Y.; Petering, Matthew E. H.; Tou, Terence W.H.",A survey of dial-a-ride problems: Literature review and recent developments,2018,10.1016/j.trb.2018.02.001,x,
"Ulmer, Marlin W.; Soeffker, Ninja; Mattfeld, Dirk C.",Value function approximation for dynamic multi-period vehicle routing,2018,10.1016/j.ejor.2018.02.038,x,
"Ulmer, Marlin W.",Horizontal combinations of online and offline approximate dynamic programming for stochastic dynamic vehicle routing,2018,10.1007/s10100-018-0588-x,x,
"Nucci, Francesco",Fuzzy Uncertainty Management in Multi-Shift Single-Vehicle Routing Problem,2018,10.25046/aj030603,x,
"Chow, Joseph Y.J.",Informed Urban Transport Systems: Classic and Emerging Mobility Methods toward Smart Cities,2018,NA,x,
"Arslan, Alp; Agatz, Niels; Klapp, Mathias A.",Operational Strategies for On-demand Personal Shopper Services,2019,10.2139/ssrn.3428912,x,
"Séguin, Sara; Villeneuve, Yoan; Blouin-Delisle, Charles-Hubert",Improving patient transportation in hospitals using a mixed-integer programming model,2019,10.1016/j.orhc.2019.100202,x,
"Ulmer, Marlin W.; Streng, Sebastian",Same-Day delivery with pickup stations and autonomous vehicles,2019,10.1016/j.cor.2019.03.017,x,
"Xu, Yuqian; Lu, Baile; Dai, Hongyan; Zhou, Weihua",The Impact of Financial Incentives on Crowdsourced Delivery,2019,10.2139/ssrn.3476164,x,
"Brinkmann, Jan; Ulmer, Marlin W.; Mattfeld, Dirk C.",Dynamic Lookahead Policies for Stochastic-Dynamic Inventory Routing in Bike Sharing Systems,2019,10.1016/j.cor.2018.06.004,,
"Wang, Shijin; Wu, Ruochen; Chu, Feng; Yu, Jianbo",Variable neighborhood search-based methods for integrated hybrid flow shop scheduling with distribution,2019,10.1007/s00500-019-04420-6,x,
"Dahle, Lars; Andersson, Henrik; Christiansen, Marielle; Speranza, M. Grazia",The pickup and delivery problem with time windows and occasional drivers,2019,10.1016/j.cor.2019.04.023,x,
"Shirakawa, Masakazu; Arakawa, Masao",Multi-objective evaluation method for combined cycle power plant start-up,2020,10.1016/j.ifacsc.2020.100101,x,
"Haider, Zulqarnain; Hu, Yujie; Charkhgard, Hadi; Himmelgreen, David; Kwon, Changhyun",Creating Grocery Delivery Hubs for Food Deserts at Local Convenience Stores via Spatial and Temporal Consolidation,2020,10.2139/ssrn.3603062,x,
"Mor, Andrea; Speranza, Maria Grazia",Vehicle routing problems over time: a survey,2020,10.1007/s10288-020-00433-2,x,
"Chen, Mingliu; Hu, Ming",Courier Dispatch in On-Demand Delivery,2020,10.2139/ssrn.3675063,x,
"Archetti, Claudia; Feillet, Dominique; Mor, Andrea; Speranza, Maria Grazia",Dynamic traveling salesman problem with stochastic release dates,2020,10.1016/j.ejor.2019.07.062,x,
"Soman, Jaikishan T.; Patil, Rahul",A scatter search method for heterogeneous fleet vehicle routing problem with release dates under lateness dependent tardiness costs,2020,10.1016/j.eswa.2020.113302,x,
"Zheng, Fangfang; Menendez, Monica; Li, Xiaopeng; Guler, Ilgin; van Zuylen, Henk J",Modeling and managing mixed traffic with human-driven and automated vehicles,2020,10.1016/j.trc.2020.102825,x,
"Sayarshad, Hamid R.; Gao, H. Oliver",Optimizing dynamic switching between fixed and flexible transit services with an idle-vehicle relocation strategy and reductions in emissions,2020,10.1016/j.tra.2020.03.006,x,
"Snoeck, André",Strategic last-mile distribution network design under demand uncertainty,2020,NA,x,
"Koch, Sebastian; Klein, Robert",Route-based approximate dynamic programming for dynamic pricing in attended home delivery,2020,10.1016/j.ejor.2020.04.002,x,
"Nucci, F.",Multi-shift Single-Vehicle Routing Problem Under Fuzzy Uncertainty,2020,10.1007/978-3-030-51156-2_189,x,
"Min, Daiki; Kang, Yuncheol",A learning-based approach for dynamic freight brokerages with transfer and territory-based assignment,2021,10.1016/j.cie.2020.107042,x,
"Moshref-Javadi, Mohammad; Winkenbach, Matthias",Applications and Research avenues for drone-based models in logistics: A classification and review,2021,10.1016/j.eswa.2021.114854,x,
"Ge, Qian; Han, Ke; Liu, Xiaobo",Matching and routing for shared autonomous vehicles in congestible network,2021,10.1016/j.tre.2021.102513,x,
"Zhang, Ruiyou; Liu, Zhujun; Feng, Xuehao",A novel flexible shuttle vehicle scheduling problem in scenic areas: Task-divided graph-based formulation and ALGORITHM,2021,10.1016/j.cie.2021.107295,x,
"de Magalhães, David José Ahouagi Vaz",Analysis of critical factors affecting the final decision-making for online grocery shopping,2021,10.1016/j.retrec.2021.101088,x,
"Chen, Linji; Valadkhani, Amir Hosein; Ramezani, Mohsen",Decentralised cooperative cruising of autonomous ride-sourcing fleets,2021,10.1016/j.trc.2021.103336,x,
"Janjevic, Milena; Merchán, Daniel; Winkenbach, Matthias","Designing multi-tier, multi-service-level, and multi-modal last-mile distribution networks for omni-channel operations",2021,10.1016/j.ejor.2020.08.043,x,
"Rios, Brenner Humberto Ojeda; Xavier, Eduardo C.; Miyazawa, Flávio Keidi; Amorim, Pedro; Curcio, Eduardo; Santos, Maria João",Recent dynamic vehicle routing problems: A survey,2021,10.1016/j.cie.2021.107604,x,
"Jun, Sungbum; Lee, Seokcheon; Yih, Yuehwern",Pickup and delivery problem with recharging for material handling systems utilising autonomous mobile robots,2021,10.1016/j.ejor.2020.07.049,x,
"Aslaksen, Ingvild Eide; Svanberg, Elisabeth; Fagerholt, Kjetil; Johnsen, Lennart Christian; Meisel, Frank",A combined dial-a-ride and fixed schedule ferry service for coastal cities,2021,10.1016/j.tra.2021.09.004,x,
"Klein, Vienna; Steinhardt, Claudius",Dynamic Demand Management and Online Tour Planning for Same-Day Delivery,2021,10.2139/ssrn.3966893,x,
"Carlsson, John Gunnar; Liu, Sheng; Salari, Nooshin; Yu, Han",Provably Good Region Partitioning for On-Time Last-Mile Delivery,2021,10.2139/ssrn.3915544,x,
"Fleckenstein, David; Klein, Robert; Steinhardt, Claudius","Recent Advances in Integrating Demand Management and Vehicle Routing: Conceptual Framework, Methodological Review, and Research Opportunities",2021,10.2139/ssrn.3792863,x,
"Avraham, Edison; Raviv, Tal",The steady-state mobile personnel booking problem,2021,10.1016/j.trb.2021.10.008,x,
"Zhang, Haifei; Ge, Hongwei; Yang, Jinlong; Tong, Yubing","Review of Vehicle Routing Problems: Models, Classification and Solving Algorithms",2021,10.1007/s11831-021-09574-x,x,
"Alnaggar, Aliaa",Optimization under Uncertainty for E-retail Distribution: From Suppliers to the Last Mile,2021,NA,x,
"Chen, Yao; Liu, Yang",Integrated Optimization of Planning and Operations for Shared Autonomous Electric Vehicle Systems,2021,10.2139/ssrn.3932037,x,
"Cai, Junchuang; Zhu, Qingling; Lin, Qiuzhen",Variable neighborhood search for a new practical dynamic pickup and delivery problem,2022,10.1016/j.swevo.2022.101182,x,
"Ding, Heng; Li, Jiye; Zheng, Nan; Zheng, Xiaoyan; Huang, Wenjuan; Bai, Haijian",Dynamic dispatch of connected taxis for large-scale urban road networks with stochastic demands: An MFD-enabled hierarchical and cooperative approach,2022,10.1016/j.trc.2022.103792,x,
"Haider, Zulqarnain; Hu, Yujie; Charkhgard, Hadi; Himmelgreen, David; Kwon, Changhyun",Creating grocery delivery hubs for food deserts at local convenience stores via spatial and temporal consolidation,2022,10.1016/j.seps.2022.101301,x,
"Xie, Jiaohong; Liu, Yang; Chen, Nan",Two-Sided Deep Reinforcement Learning for Dynamic Mobility-on-Demand Management with Mixed-Autonomy,2022,10.2139/ssrn.4065818,x,
"Jun, Sungbum; Lee, Seokcheon",Evolutionary neural network for learning of scalable heuristics for pickup and delivery problems with time windows,2022,10.1016/j.cie.2022.108282,x,
"Morapitiye, Sunil; Kis, Tamás",Strong cuts from compatibility relations for the Dial-a-Ride Problem,2022,10.1016/j.dam.2021.12.010,x,
"Wang, Zhenghao; Lian, Jing; Li, Linhui; Zhou, Yafu",Understanding Pedestrians' Car-Hailing Intention in Traffic Scenes,2022,10.1007/s12239-022-0089-8,x,
"Arian, Ebrahim; Bai, Xingyu; Chen, Xin",Joint Pricing and Routing for a Ride-Sharing Platform in Low-Density Rural Areas,2022,10.2139/ssrn.4073828,x,
"Xiang, Xiaoshu; Tian, Ye; Zhang, Xingyi; Xiao, Jianhua; Jin, Yaochu",A Pairwise Proximity Learning-Based Ant Colony Algorithm for Dynamic Vehicle Routing Problems,2022,10.1109/tits.2021.3052834,x,
"Li, Xiaoming; Gao, Jie; Wang, Chun; Huang, Xiao; Nie, Yimin",Mixture Density Networks Enabled Stochastic Optimization for Idle Vehicle Proactive Guidance in Ride-Hailing Systems,2022,10.2139/ssrn.4125884,x,
"Ouyang, Zhiyuan; Leung, Eric Ka Ho; Huang, George Q.","Community logistics for dynamic vehicle dispatching: The effects of community departure ""time"" and ""space""",2022,10.1016/j.tre.2022.102842,x,
"Zhen, Lu; He, Xueting; Wang, Huiwen; Laporte, Gilbert; Tan, Zheyi",Decision models for personal shopper platform operations optimization,2022,10.1016/j.trc.2022.103782,x,
"Luo, Weilin; Lu, Jinhu; Liu, Kexin; Chen, Lei",Learning-Based Policy Optimization for Adversarial Missile-Target Assignment,2022,10.1109/tsmc.2021.3096997,x,
"Ghiani, Gianpaolo; Manni, Andrea; Manni, Emanuele",A scalable anticipatory policy for the dynamic pickup and delivery problem,2022,10.1016/j.cor.2022.105943,x,
"Guo, Hao; Chen, Yao; Liu, Yang",Shared autonomous vehicle management considering competition with human-driven private vehicles,2022,10.1016/j.trc.2021.103547,x,
"Xue, Guiqin; Wang, Zheng",Order acceptance and scheduling in the instant delivery system,2023,10.1016/j.cie.2023.109395,x,
"Côté, Jean-François; Alves de Queiroz, Thiago; Gallesi, Francesco; Iori, Manuel",A branch-and-regret algorithm for the same-day delivery problem,2023,10.1016/j.tre.2023.103226,x,
"Tao, Jiawei; Dai, Hongyan; Chen, Weiwei; Jiang, Hai",The value of personalized dispatch in O2O on-demand delivery services,2023,10.1016/j.ejor.2022.05.019,x,
"Gu, Ruixue; Liu, Yang; Poon, Mark",Dynamic truck–drone routing problem for scheduled deliveries and on-demand pickups with time-related constraints,2023,10.1016/j.trc.2023.104139,x,
"Chen, Xinwei; Wang, Tong; Thomas, Barrett W.; Ulmer, Marlin W.",Same-day delivery with fair customer service,2023,10.1016/j.ejor.2022.12.009,x,
"Liu, Chuanju; Lin, Shaochong; Shen, Zuo-Jun Max; Zhang, Junlong",Stochastic service network design: The value of fixed routes,2023,10.1016/j.tre.2023.103118,x,
"Hu, Yuzhen; Zhang, Pu; Zhao, Kang; Zhang, Song; Fan, Bo",Disruption recovery for the pickup and delivery problem with time windows—A scenario-based approach for online food delivery,2023,10.1016/j.cor.2023.106337,x,
"bo, yang; Dawande, Milind; Janakiraman, Ganesh","Food-Delivery Platforms: A Near-Optimal Policy for Capacity Sizing, Order Batching, and Spatial Routing",2023,10.2139/ssrn.4483564,x,
"Snoeck, André; Winkenbach, Matthias; Fransoo, Jan C.",On-demand last-mile distribution network design with omnichannel inventory,2023,10.1016/j.tre.2023.103324,x,
"Zhen, Lu; Wu, Jingwen; Laporte, Gilbert; Tan, Zheyi",Heterogeneous instant delivery orders scheduling and routing problem,2023,10.1016/j.cor.2023.106246,x,
"Liu, Shan; Zhang, Ya; Wang, Zhengli; Gu, Shiyi",AdaBoost-Bagging deep inverse reinforcement learning for autonomous taxi cruising route and speed planning,2023,10.1016/j.tre.2023.103232,x,
"Aziez, Imadeddine; Côté, Jean-François; Torkhani, Mohamed Zied; Landa, Paolo; Coelho, Leandro  C.",Healthcare Dynamic and Stochastic Transportation,2023,10.2139/ssrn.4622857,x,
"Brinkmann, Jan",Vorausschauende Politiken,2023,10.1007/978-3-031-16536-8_6,x,
"Alves de Queiroz, Thiago; Iori, Manuel; Kramer, Arthur; Kuo, Yong-Hong",Dynamic scheduling of patients in emergency departments,2023,10.1016/j.ejor.2023.03.004,x,
"Bosse, Alexander; Ulmer, Marlin W.; Manni, Emanuele; Mattfeld, Dirk C.",Dynamic priority rules for combining on-demand passenger transportation and transportation of goods,2023,10.1016/j.ejor.2023.01.010,x,
"Lagos, Felipe; Klapp, Mathias A.; Toriello, Alejandro",Branch-and-price for routing with probabilistic customers,2023,10.1016/j.cie.2023.109429,x,
"Ouyang, Zhiyuan; Leung, Eric K.H.; Cai, Yiji; Huang, George Q.",Dynamic community partitioning for e-commerce last mile delivery with time window constraints,2023,10.1016/j.cor.2023.106394,x,
"Zhang, Ruijie; Zhang, Yiying; Hu, Kejia; Zhao, Xiande",The Impact of Financial Incentives in Last-Mile Operations: An Empirical Investigation,2023,10.2139/ssrn.4465994,x,
"Ma, Wanjing; Zeng, Lin; An, Kun",Dynamic vehicle routing problem for flexible buses considering stochastic requests,2023,10.1016/j.trc.2023.104030,x,
"Wu, Jingwen; Zhen, Lu; He, Xueting; Tian, Xin",Operations optimization for third-party e-grocery platforms,2023,10.1007/s10479-023-05634-6,x,
"Cai, Junchuang; Zhu, Qingling; Lin, Qiuzhen; Ma, Lijia; Li, Jianqiang; Ming, Zhong",A survey of dynamic pickup and delivery problems,2023,10.1016/j.neucom.2023.126631,x,
"Cordeau, Jean-François; Iori, Manuel; Vezzali, Dario",A survey of attended home delivery and service problems with a focus on applications,2023,10.1007/s10288-023-00556-2,x,
"Coretti-Sanchez, N.; Múgica, J.; Bowers, Q.; Grignard, A.; Ferrer, E. Castelló; Alonso, L.; Larson, K.",Urban Mobility Swarms: Towards a Decentralized Autonomous Bicycle-Sharing System,2023,10.1109/itsc57777.2023.10421869,x,
"Banerjee, Dipayan; Erera, Alan L.; Stroh, Alexander M.; Toriello, Alejandro",Who has access to e-commerce and when? Time-varying service regions in same-day delivery,2023,10.1016/j.trb.2023.02.005,x,
"Zhao, Yanlu; Papier, Felix; Teo, Chung-Piaw",Market Thickness in Online Food Delivery Platforms: The Impact of Food Processing Times,2023,10.2139/ssrn.4612561,x,
"Hildebrandt, Florentin D.; Thomas, Barrett W.; Ulmer, Marlin W.",Opportunities for reinforcement learning in stochastic dynamic vehicle routing,2023,10.1016/j.cor.2022.106071,x,
"Yu, Xinlian; Zhu, Zihao; Mao, Haijun; Hua, Mingzhuang; Li, Dawei; Chen, Jingxu; Xu, Hongli","Coordinating matching, rebalancing and charging of electric ride-hailing fleet under hybrid requests",2023,10.1016/j.trd.2023.103903,x,
"Ouyang, Zhiyuan; Leung, Eric K.H.; Huang, George Q.",Community logistics and dynamic community partitioning: A new approach for solving e-commerce last mile delivery,2023,10.1016/j.ejor.2022.08.029,x,
"Duan, Leyi; Wei, Yuguang; Zhang, Jinchuan; Xia, Yang","Addressing the urban-scale vehicle assignment and rebalancing problems in shared autonomous vehicle system while simultaneously considering immediate, reservation, shareable, and unshareable requests",2023,10.1016/j.cie.2023.109025,x,
"Zhan, Xingbin; Szeto, W.Y.; Wang, Yue",The ride-hailing sharing problem with parcel transportation,2023,10.1016/j.tre.2023.103073,x,
"Brinkmann, Jan",Dynamische Vorausschauhorizonte,2023,10.1007/978-3-031-16536-8_7,x,
"Cui, Hongjun; Yang, Yizhe; Zhu, Minqing; Ma, Xinwei; Chen, Xiuyong; Qie, Binghui",The scheduling methods with different demand priorities for shared autonomous vehicle system in hybrid demands mode considering dynamic travel time,2023,10.1016/j.physa.2023.129325,x,
"Li, Xiaohui; Yan, Pengyu; Yu, Kaize; Li, Peifan; Liu, Yuchen",Parcel consolidation approach and routing algorithm for last-mile delivery by unmanned aerial vehicles,2024,10.1016/j.eswa.2023.122149,x,
"Little, Connor; Choudhury, Salimur; Salomaa, Kai",Pattern Mining Local Search Heuristics for Dynamic Pickup Delivery Problems,2024,10.1007/978-981-97-0068-4_25,x,
"Chen, Yao; Liu, Yang; Bai, Yun; Mao, Baohua",Real-time dispatch management of shared autonomous vehicles with on-demand and pre-booked requests,2024,10.1016/j.tra.2024.104021,x,
"Sze, Jeeu Fong; Salhi, Said; Wassan, Niaz",An adaptive variable neighbourhood search approach for the dynamic vehicle routing problem,2024,10.1016/j.cor.2024.106531,x,
"Archetti, C.; Carrabs, F.; Cerulli, R.; Laureana, F.",A new formulation and a branch-and-cut algorithm for the set orienteering problem,2024,10.1016/j.ejor.2023.09.038,x,
"Giovannini, Alessandro",EXPLOITING AVAILABLE URBAN TRANSPORTATION RESOURCES WITH TAXI SHARING AND RAPID TRANSPORTATION NETWORKS: A CASE STUDY FOR MILAN,NA,10.13130/giovannini-alessandro_phd2016-02-26,x,
"Luttermann, Sandra; Kotzab, Herbert; Trapp, Markus; Freitag, Michael",Nachhaltige und individualisierte Zustellung von Lebensmitteln,2021,10.1007/978-3-658-33353-9_41,x,
"Fakhrzad, Mohammad Bagher; Goodarzian, Fariba",A new multi-objective mathematical model for a Citrus supply chain network design: Metaheuristic algorithms,2021,NA,x,
"Kronmüller, Maximilian; Fielbaum, Andres; Alonso-Mora, Javier",Online flash delivery from multiple depots,2023,10.1080/19427867.2023.2278859,x,
"Liu, Sheng; Luo, Zhixing",Multiperiod Dispatching and Routing for On-Time Delivery in a Dynamic and Stochastic Environment.,2021,NA,x,
"Fielbaum, Andrés; Kronmueller, Maximilian; Alonso-Mora, Javier",Anticipatory routing methods for an on-demand ridepooling mobility system,2021,NA,,
"Snoeck, André; Winkenbach, Matthias",A Discrete Simulation-Based Optimization Algorithm for the Design of Highly Responsive Last-Mile Distribution Networks,2022,10.1287/trsc.2021.1105,x,
"Yıldız, Barış; Savelsbergh, Martin W. P.",Provably High-Quality Solutions for the Meal Delivery Routing Problem,2019,10.1287/trsc.2018.0887,x,
"Issaoui, Yassine; Khiat, Azeddine; Haricha, Karim; Bahnasse, Ayoub; Ouajji, Hassan",An Advanced System to Enhance and Optimize Delivery Operations in a Smart Logistics Environment,2022,10.1109/access.2022.3141311,x,
"Zhang, Zhiqin; Joe, Waldy; Er, Yuyang; Lau, Hoong Chuin",When Routing Meets Recommendation: Solving Dynamic Order Recommendations Problem in Peer-to-Peer Logistics Platforms,2023,10.1007/978-3-031-43612-3_2,x,
"Zong, Zefang; Feng, Tao; Xia, Tong; Jin, Depeng; Li, Yong",Deep Reinforcement Learning for Demand Driven Services in Logistics and Transportation Systems: A Survey.,2021,NA,x,
"de Melo, Maisa Kely; Cardoso, Rodrigo T. N.; Jesus, Tales A.",MultiObjective Dynamic Optimization of Investment Portfolio Based on Model Predictive Control,2022,10.1137/20m1346420,x,
"Ritzinger, Ulrike; Puchinger, Jakob; Hartl, Richard F.",A survey on dynamic and stochastic vehicle routing problems,2015,10.1080/00207543.2015.1043403,x,
"Čivilis, Alminas; Barauskas, Andrius; Brilingaitė, Agnė; Bukauskas, Linas; Šaltenis, Simonas",Managing Advanced and Flexible Ride-Hailing Requests,2023,10.1145/3615895.3628175,x,
"Pelzer, Dominik; Xiao, Jiajian; Zehe, Daniel; Lees, Michael; Knoll, Alois; Aydt, Heiko",A Partition-Based Match Making Algorithm for Dynamic Ridesharing,2015,10.1109/tits.2015.2413453,x,
"Shi, Dingyuan; Tong, Yongxin; Zhou, Zimu; Xu, Ke; Tan, Wenzhe; Li, Hongbo",Adaptive Task Planning for Large-Scale Robotized Warehouses,2022,10.1109/icde53745.2022.00314,x,
"Zhou, Boyang; Cheng, Liang",Deep Reinforcement Learning-Based Scheduling for Same Day Delivery with a Dynamic Number of Drones,2023,10.1007/978-3-031-48421-6_3,x,
"Prokhorchuk, Anatolii; Dauwels, Justin; Jaillet, Patrick",Stochastic Dynamic Pricing for Same-Day Delivery Routing,2019,NA,x,
"Dayarian, Iman; Savelsbergh, Martin W. P.",Crowdshipping and Same-day Delivery: Employing In-store Customers to Deliver Online Orders,2020,10.1111/poms.13219,,
"Frohner, Nikolaus; Raidl, Günther; Chicano, Francisco",Multi-Objective Policy Evolution for a Same-Day Delivery Problem with Soft Deadlines,2023,10.1145/3583133.3596381,x,
"Bracher, Adrian; Frohner, Nikolaus; Raidl, Günther R.",CPAIOR - Learning Surrogate Functions for the Short-Horizon Planning in Same-Day Delivery Problems,2021,10.1007/978-3-030-78230-6_18,x,
"Xue, Guiqin; Wang, Zheng; Wang, Guan",Optimization of Rider Scheduling for a Food Delivery Service in O2O Business,2021,10.1155/2021/5515909,x,
"Narayanan, Santhanakrishnan; Chaniotakis, Emmanouil; Antoniou, Constantinos",Modelling reservation-based shared autonomous vehicle services: A dynamic user equilibrium approach,2022,10.1016/j.trc.2022.103651,x,
"Gajda, Mikele; Boysen, Nils; Gallay, Olivier",Impact of bot return policies in van-and-bot delivery systems,2024,10.1080/00207543.2024.2314162,x,
"Shi, Xiaowei; Chen, Zhiwei; Pei, Mingyang; Li, Xiaopeng",Variable-Capacity Operations with Modular Transits for Shared-Use Corridors:,2020,10.1177/0361198120928077,x,
"Abdallah, Abdallah A.",Simulated Six Sigma: A multi response optimization,2020,NA,x,
"van Heeswijk, Wouter",Smart Containers With Bidding Capacity: A Policy Gradient Algorithm for Semi-Cooperative Learning,2020,NA,x,
"van Heeswijk, Wouter",ICCL - Smart Containers with Bidding Capacity: A Policy Gradient Algorithm for Semi-Cooperative Learning,2020,10.1007/978-3-030-59747-4_4,x,
"Jiang, Shang; Tran, Cong Quoc; Keyvan-Ekbatani, Mehdi",Regional route guidance with realistic compliance patterns: Application of deep reinforcement learning and MPC,2024,10.1016/j.trc.2023.104440,x,
"Zhang, Jian; Woensel, Tom Van",Dynamic vehicle routing with random requests: A literature review,2023,10.1016/j.ijpe.2022.108751,x,
"Hu, Ta-Yin; Chang, Chin Ping",A revised branch-and-price algorithm for dial-a-ride problems with the consideration of time-dependent travel cost,2014,10.1002/atr.1296,x,
"Lin, Shu; Kong, Qing-Jie; Huang, Qingming",A model-based demand-balancing control for dynamically divided multiple urban subnetworks,2016,10.1002/atr.1389,x,
"Srour, F. Jordan; Agatz, Niels; Oppen, Johan",The Value of Inaccurate Advance Time Window Information in a Pick-up and Delivery Problem,2014,10.2139/ssrn.2388038,,
"Kronmueller, Maximilian; Fielbaum, Andres; Alonso-Mora, Javier",On-Demand Grocery Delivery From Multiple Local Stores With Autonomous Robots,2021,10.1109/mrs50823.2021.9620599,x,
"Polychronis, Giorgos; Lalis, Spyros",SMARTGREENS/VEHITS (Selected Papers) - Dynamic Vehicle Routing Under Uncertain Energy Consumption and Energy Gain Opportunities,2021,10.1007/978-3-030-68028-2_7,x,
"Rahman, Md. Mokhlesur; Thill, Jean-Claude",Impacts of connected and autonomous vehicles on urban transportation and environment: A comprehensive review,2023,10.1016/j.scs.2023.104649,x,
"Heitmann, R.-Julius O.; Soeffker, Ninja; Ulmer, Marlin W.; Mattfeld, Dirk C.",Combining value function approximation and multiple scenario approach for the effective management of ride-hailing services,2023,10.1016/j.ejtl.2023.100104,,
"Gligor, David M.; Bozkurt, Siddik",The role of perceived social media agility in customer engagement,2021,10.1108/jrim-12-2019-0196,x,
"Leung, Eric K.H.; Ouyang, Zhiyuan; Huang, George Q.",Community logistics: a dynamic strategy for facilitating immediate parcel delivery to smart lockers,2022,10.1080/00207543.2022.2073480,x,
"Cheng, Geyao; Guo, Deke; Shi, Jianmai; Qin, Yudong",ICPADS - When Packages Ride a Bus: Towards Efficient City-Wide Package Distribution,2018,10.1109/padsw.2018.8644919,x,
"Cheng, Geyao; Guo, Deke; Shi, Jianmai; Qin, Yudong",Smart City-Wide Package Distribution Using Crowdsourced Public Transportation Systems,2019,10.1109/jiot.2019.2901116,x,
"Chen, Xinwei; Wang, Tong; Thomas, Barrett W.; Ulmer, Marlin W.",Same-Day Delivery with Fairness,2020,NA,x,
"Suvorova, Svetlana; Kulikova, Oksana; Kirillova, Tatyana; Fedotova, Galina; Melikova, Evgenya",Formation a Sustainable Supply Chain Strategy,2022,10.1007/978-3-031-11051-1_115,x,
"Ren, Shen; Li, Qianxiao; Zhang, Liye; Qin, Zheng; Yang, Bo",Optimising Stochastic Routing for Taxi Fleets with Model Enhanced Reinforcement Learning.,2020,NA,x,
"Wang, Zhengwu; Yu, Jie; Hao, Wei; Chen, Tao; Wang, Yi",Designing High-Freedom Responsive Feeder Transit System with Multitype Vehicles,2020,10.1155/2020/8365194,x,
"Mahmoudi, Naman; Sadegheih, Ahmad; Hosseini-Nasab, Hasan; Zare, Hasan Khademi",Routing and scheduling decisions for a single-hub same-day delivery network,2023,10.1016/j.jer.2023.100130,x,
"Maleas, Zisis; Dais, Sofoklis; Ayfantopoulou, Georgia; Salanova Grau, Josep Maria",Online policies and multimodal data processing for the same day delivery problem,2022,10.1145/3549737.3549789,x,
"Zehtabian, Shohre; Larsen, Christian; Wøhlk, Sanne",Estimation of the arrival time of deliveries by occasional drivers in a crowd-shipping setting,2022,10.1016/j.ejor.2022.02.050,x,
"Bin Hariz, Mohammed; Said, Dhaou; Mouftah, Hussein T.",Decentralised game-theoretic management for a community-based transportation system,2020,10.1049/iet-smc.2020.0046,x,
"Arslan, Alp; Agatz, Niels; Kroon, Leo; Zuidwijk, Rob",Crowdsourced Delivery—A Dynamic Pickup and Delivery Problem with Ad Hoc Drivers,2019,10.1287/trsc.2017.0803,x,
"Lu, Miaojia; Yan, Xinyu; Azadeh, Shadi Sharif; Wang, Pengling",An adaptive agent-based approach for instant delivery order dispatching: Incorporating task buffering and dynamic batching strategies,2024,10.1016/j.ijtst.2023.12.006,x,
"Hildebrandt, Florentin D.; Thomas, Barrett W.; Ulmer, Marlin W.",Where the Action is: Let's make Reinforcement Learning for Stochastic Dynamic Vehicle Routing Problems work!,2021,NA,x,
"Campbell, Ann Melissa; Van Woensel, Tom",Special issue on recent advances in urban transport and logistics through optimization and analytics,2019,10.1287/trsc.2018.0882,x,
"Moscato, Pablo; Mathieson, Luke",Business and Consumer Analytics: New Ideas - Memetic Algorithms for Business Analytics and Data Science: A Brief Survey.,2019,10.1007/978-3-030-06222-4_13,x,
"van Heeswijk, W.J.A.; Mes, Martijn R.K.; Schutten, Johannes M.J.",The Delivery Dispatching Problem with Time Windows for Urban Consolidation Centers,2019,10.1287/trsc.2017.0773,x,
"Zhen, Lu; Lv, Wenya; Tan, Zheyi; Dong, Bin",Container Transportation Scheduling Between Port Yards and the Hinterland in Yunfeng,2022,10.1287/inte.2021.1102,x,
"Neumann, Andreas",ANT/SEIT - Why closing an Airport May not Matter – The Impact of the Relocation of TXL Airport on the Bus Network of Berlin,2015,10.1016/j.procs.2015.05.160,x,
"Wang, Cailu; Tao, Yuegang; Yang, Peng; Liu, Zuojun",Dimension Reduction and Feedback Stabilization for Max-Plus Linear Systems and Applications in VLSI Array Processors,2017,10.1109/tac.2017.2708508,x,
"Mes, Martijn R.K.; van Heeswijk, Wouter",ICCL - Comparison of Manual and Automated Decision-Making with a Logistics Serious Game,2020,10.1007/978-3-030-59747-4_45,x,
"Munoz-Carpintero, Diego; Saez, Doris; Cortés, Cristián E.; Núñez, Alfredo",A Methodology Based on Evolutionary Algorithms to Solve a Dynamic Pickup and Delivery Problem Under a Hybrid Predictive Control Approach,2015,10.1287/trsc.2014.0569,x,
"van Heeswijk, Wouter",Strategic bidding in freight transport using deep reinforcement learning.,2021,NA,x,
"Yang, Yanming; Sun, Yiwen; Zhu, Zexuan",CEC - Multi-objective memetic algorithm based on request prediction for dynamic pickup-and-delivery problems,2017,10.1109/cec.2017.7969510,,
"Yang, Dingtong; Hyland, Michael; Jayakrishnan, R",Tackling the Crowdsourced Delivery Problem at Scale Through a Set-Partitioning Formulation and Novel Decomposition Heuristic,2022,10.2139/ssrn.4055174,x,
"Kottakki, Krishna Kumar; Rathee, Sunil; Adusumilli, Kranthi Mitra; Mathew, Jose; Nayak, Bharat; Ahuja, Saket",IEEM - Customer Experience Driven Assignment Logic for Online Food Delivery,2020,10.1109/ieem45057.2020.9309783,x,
"Zhu, Zexuan; Xiao, Jun; He, Shan; Ji, Zhen; Sun, Yiwen",A multi-objective memetic algorithm based on locality-sensitive hashing for one-to-many-to-one dynamic pickup-and-delivery problem,2016,10.1016/j.ins.2015.09.006,x,
"Lin, Nay Myo; Tian, Xin; Rutten, Martine; Abraham, Edo; Maestre, José M.; Van de Giesen, N.C.",Multi-Objective Model Predictive Control for Real-Time Operation of a Multi-Reservoir System,2020,10.3390/w12071898,x,
"Wang, Cailu; Tao, Yuegang; Yang, Peng",Reachability for interval max-plus linear systems,2017,10.23919/chicc.2017.8027716,x,
"Peled, Inon; Lee, Kelvin; Jiang, Yu; Dauwels, Justin; Pereira, Francisco C.",Online Predictive Optimization Framework for Stochastic Demand-Responsive Transit Services.,2019,10.1109/itsc.2019.8916878,x,
"Prachitmutita, Issaret; Padungweang, Praisan; Rojanapornpun, Olarn",A Comparison of Destination Clustering using Density-based Algorithm on The Trip Planning Optimization for Last-Mile Parcel Delivery,2020,10.1145/3406601.3406641,x,
"Fotouhi, Hossein; Miller-Hooks, Elise",Same-day delivery time-guarantee problem in online retail,2023,10.1016/j.commtr.2023.100105,x,
"Yu, Xinlian; Chen, Jingxu; Kumar, Pramesh; Khani, Alireza; Mao, Haijun",An integrated optimisation framework for locating depots in shared autonomous vehicle systems,2022,10.1080/23249935.2022.2152299,x,
"Secundo, Giustina; Nucci, Francesco; Shams, Riad; Albergo, Francesco",Optimising workforce efficiency in healthcare during the COVID-19: a computational study of vehicle routeing method for homebound vaccination,2022,10.1080/09537287.2022.2110153,x,
"Lijun, He; Li, Jiandong; Sheng, Min; Liu, Runzi; Guo, Kun; Zhou, Di",Dynamic Scheduling of Hybrid Tasks With Time Windows in Data Relay Satellite Networks,2019,10.1109/tvt.2019.2903737,x,
"Hu, Ta-Yin; Chang, Chin-Ping",Exact Algorithm for Dial-A-Ride Problems with Time-Dependent Travel Cost,2013,NA,x,
"Ulmer, Marlin W.; Savelsbergh, Martin W. P.",Workforce Scheduling in the Era of Crowdsourced Delivery,2020,10.1287/trsc.2020.0977,x,
"Ulmer, Marlin W.; Thomas, Barrett W.; Campbell, Ann Melissa; Woyak, Nicholas",The Restaurant Meal Delivery Problem: Dynamic Pickup and Delivery with Deadlines and Random Ready Times,2021,10.1287/trsc.2020.1000,x,
"Ulmer, Marlin W; Erera, Alan; Savelsbergh, Martin",Dynamic service area sizing in urban delivery.,2022,10.1007/s00291-022-00666-z,x,
"Grüne, Lars; Stieler, Marleen",CDC - Performance guarantees for multiobjective model predictive control,2017,10.1109/cdc.2017.8264482,x,
"Araya-Córdova, Patricio J.; Díaz-Núñez, Fabián; Moraga, Javier A.; Quezada, Franco; Rojo-González, Luis; Vásquez, Óscar C.",ICCL - The balanced dispatching problem in passengers transport services on demand,2018,10.1007/978-3-030-00898-7_25,x,
"Lian, Ying; Lucas, Flavien; Sörensen, Kenneth",The on-demand bus routing problem with real-time traffic information,2023,10.1016/j.multra.2023.100093,x,
"Stroh, Alexander M.; Erera, Alan L.; Toriello, Alejandro",Tactical Design of Same-Day Delivery Systems,2022,10.1287/mnsc.2021.4041,x,
"Bektaş, Tolga; Repoussis, Panagiotis P.; Tarantilis, Christos D.",Vehicle Routing - Dynamic Vehicle Routing Problems.,2013,NA,x,
"Huang, Yuan; Ding, Zhaohao; Lee, Wei-Jen",Charging Cost-Aware Fleet Management for Shared On-Demand Green Logistic System,2023,10.1109/jiot.2022.3176604,x,
"Chen, Jingyi; Fan, Tijun; Gu, Qiuchen; Pan, Fei",Emerging technology-based online scheduling for instant delivery in the O2O retail era,2022,10.1016/j.elerap.2021.101115,x,
"Liang, Yanchang; Ding, Zhaohao; Ding, Tao; Lee, Wei-Jen",Mobility-Aware Charging Scheduling for Shared On-Demand Electric Vehicle Fleet Using Deep Reinforcement Learning,2021,10.1109/tsg.2020.3025082,x,
"Chen, Jing-fang; Wang, Ling; Wang, Shengyao; Wang, Xing; Ren, Hao",An effective matching algorithm with adaptive tie-breaking strategy for online food delivery problem,2021,NA,x,
"Jia, Ya-Hui; Chen, Wei-Neng; Gu, Tianlong; Zhang, Huaxiang; Yuan, Huaqiang; Lin, Ying; Yu, Wei-Jie; Zhang, Jun",A Dynamic Logistic Dispatching System With Set-Based Particle Swarm Optimization,2018,10.1109/tsmc.2017.2682264,x,
"Zhang, Haifei; Ge, Hongwei; Yang, Jinlong; Tong, Yubing","Review of Vehicle Routing Problems: Models, Classification and Solving Algorithms",2021,NA,x,
"Li, Jiacheng; Noto, Masato; Zhang, Yang",SCIS/ISIS - Optimization Model of Takeout-Delivery Process Based on Concept of Crowdsourcing,2020,10.1109/scisisis50064.2020.9322744,x,
